<addon id="script.module.doggo" version="0.0.1" name="Dog API" provider-name="kodifitzwell">
	<requires>
		<import addon="xbmc.python" version="3.0.0" />
		<import addon="script.module.pyxbmct" />
	</requires>
	<extension point="xbmc.python.pluginsource" library="doggo.py">
		<provides>executable</provides>
	</extension>
	<extension point="xbmc.addon.metadata">
		<reuselanguageinvoker>true</reuselanguageinvoker>
		<license>GNU GENERAL PUBLIC LICENSE. Version 3, 29 June 2007</license>
		<description lang="en">This is a Non-profit resource, organized solely for educational purposes which is protected under the Fair-Use doctrine of the Copyright Act, Specifically section 107, which does promote freedom of expression, by permitting the unlicensed use of copyright-protected works.</description>
		<disclaimer lang="en">The author of this addon does not host any of the content which is found and has no affiliation with any of the content providers.[CR]The author is in no way affiliated with Kodi, Team Kodi, or the XBMC Foundation.</disclaimer>
		<summary>kodi example of Dog API, "The internet's biggest collection of open source dog pictures."</summary>
	</extension>
</addon>
